,word
1,لَونی
2,لُونی
3,لَوَنی
4,بازار بَنانا
5,اَب
6,اَبْ
7,بَنْدی جان
8,بَھلے دِن
9,بُھن
10,بَھن
11,بِھن
12,ٹیسٹ اینٹری
13,اِحِْتشام دار
14,اِحِْتشام دار
15,پَن
16,پُن
17,پِن
18,بُھنّاس
19,بِھنّاس
20,بِھن بِھن
21,بَھن بَھن
22,اَڑّانا
23,اُڑانا
24,اَڑانا
25,بَھنڈ ہونا
26,اَثَر دینا
27,چَہْلا ہونا
28,بَھنڈا ر پَن
29,چَہْلا کَرْنا
30,نَر کَٹَیّا پُوت بَھگْتَیّا بات
31,نَر کَٹَیّا پُوت بَھگْتَیّا بات
32,چار
33,چِیب
34,چِیپ دار
35,تِرَن کَر
36,تِرَن نِیب
37,اِجابَت کرنا
38,اِجابَت ہونا
39,اِجارَہ کَرنا
40,اِجارَہ لینا
41,بَد
42,بُد
43,بِد
44,بُد بَل
45,بُد پَن
46,بَدا
47,بَدّا
48,بِدا
49,بَدّا
50,بُدا
51,بَدا بَدی
52,باتَر
53,باتِر
54,تِرَن مانَس
55,بُد پَتی
56,بَدّا
57,بَھدْرا ہونا
58,بَھدَئی
59,باپ باپُت پُوت پِتا پَر گھوڑا بَہُت نَہیں تو تھوڑا تھوڑا
60,باپ باپَت پُوت پَراپَت گھوڑا گُچھ نَہیں تو تھوڑا تھوڑا
61,بُھو سیہْرا
62,بُھوِشْت
63,بات اُٹھانا
64,بات اُٹْھنا
65,بُھوک کے مارے آچار نِکَلْنا
66,بَد
67,بِد
68,بُد
69,بِد
70,بَد
71,بُد
72,بَھدرَک
73,بُھوشَک
74,بات اُلَٹْنا
75,بِھر
76,بھُر
77,بھَر
78,اِجتِماع کرنا
79,بات اَورپَر ڈھالْنا
80,بات آبَنْنا
81,بات آرَہْنا
82,بات آنا
83,بات آئی گَئی ہونا
84,بات بات
85,بات بات میں
86,بات بات میں موتی پِرونا
87,بات بالا رَکْھنا
88,بات بالا رَہْنا
89,بات باندھنا
90,بات بَٹْنا
91,بات بَدَلْنا
92,بات بَڑی ہونا
93,بات بَڑْھنا
94,بات بِگڑْنا
95,بات بِگَڑنا
96,بات بَنانا
97,بات بَن پَڑْنا
98,بات بَن نَہ آنا
99,بات بولْنا
100,بات بَہْلانا
101,آرْیَہ
102,بات بِیچ میں سے لینا
103,بات بھاری لَگْنا
104,بات بھی نَہ پُوچھنا
105,چِیپا کھانا
106,اِجارَہ دار
107,اِجارَہ لَگانا
108,بُد وَنْت
109,بِدا دینا
110,بَدا بَدی
111,بُھجَنگا
112,بَھدیس بَھدیسا بَھدیسَ بَھدیسلا
113,بات اَٹَکْنا
114,بات اُٹھا رَکْھنا
115,بات اُٹھا نَہ رَکْھنا
116,بُھوک کی جھانج نِکَل جانا
117,بُھوک کی جھانجھ
118,بُھوک کُھلْنا
119,بھُوک کھینچنا
120,بُھوک گَئے بھوجَن مِلے جاڑا جات گَئے قَبائی جوبَن گَئے تُریا مِلے تِینوں دیِوبَہائی/ بَہائے
121,بات اُڑانا
122,بات اُڑْنا
123,بَھر ہاتھ
124,بات اُلَٹْنا
125,بات اُوپَراُوپَر جانا
126,بِھر ہونا
127,اُجَڈ پَنا
128,اُجَڈ پَن
129,بات اُونچی ہونا
130,بات آنْ پَڑْنا
131,بات آپَڑْنا
132,بات آگے آنا
133,بات آنچل میں باندھنا
134,بُھر بُھرانا
135,بات بات پَر
136,بات بات پَہ
137,بات بات میں چُھری کَٹاری
138,بات باقی رَہْنا
139,شُدَہ کَرْنا
140,شُدَہ ہونا
141,بات بالا ہونا
142,بات بَتانا
143,بات بَدْلانا
144,بات بَڑِی رَہْنا
145,بات بَڑھانا
146,بات بِگاڑْنا
147,بات بَنا لینا
148,بات بَن آنا
149,بات بَنْنا
150,بات بول ہونا
151,بات بَہَکْنا
152,بات بے بات
153,بات بَیٹْھنا
154,بات بھار پڑنا
155,بات بھاری ہونا
156,بات پانا
157,بات پَتَّھر کی لَکِیر ہونا
158,آجڑا پَن پَنا
159,آنکھوں
160,آجالا ڈالنا
161,آجالی لینا
162,اَگَن گِیر
163,اَلَگ کَرنا
164,اَجّان
165,اجان پَنا
166,اَجْلاف پَن
167,اَگّیان پَن
168,بات پَر بات کَہْنا
169,بات پَر بات یاد آنا
170,بات پَر بُھلانا
171,بات پَر ٹَھہَرْنا
172,کَرنا
173,بات پَر جانا
174,بات پَر جان دینا
175,بات پَر جَمْنا
176,بات پَر چَلْنا
177,بات پَر خاک پَڑْنا
178,بات پَر خاک ڈالْنا
179,بات پَر سَر دینا
180,بات پَر قائِم رَہْنا
181,بات پَر قِیام ہونا
182,بات پَر کان رَکْھنا
183,بات پَر کان دَھرْنا
184,بات پَر کان لَگانا
185,بات پَر لَگْنا
186,بات پَرمِٹْنا
187,بات پَر مَرمِٹْنا
188,بات پَر مَرْنا
189,بات پَرائی ہونا
190,بات پَڑْنا
191,بات پَکانا
192,بات پَکَڑْنا
193,بات پَکْنا
194,بات پَکّی ہونا
195,بات پَلَٹْنا
196,بات پَلّے بَاندھْنا
197,بات پُوچْھنا
198,بات پُوچھے بات کا لَچَّھن پُوچھے
199,بات پُوچْھنا بات کی جَڑ پُوچْھنا
200,بات پُوری کَرْنا
201,بات پُوری ہونا
202,بات پَہ آنا
203,بات پَہُچنا
204,بات پیٹ میں ہَضْم کَرْنا
205,بات پی جانا
206,بات پی پِینا
207,بات پَیْدا کَرْنا
208,بات پَیْدا ہونا
209,اَباغ خانَہ
210,ٹوہ لگانا
211,آوَر
212,اَور کے دانو اَنڈے بَچّے ہَمارے دانَوکُڑَک
213,اَلا بَلا لینا
214,اُصُول پَرَسْت
215,چِیکَٹ
216,بات پیش جانا
217,بات پُھٹْنا
218,بات پِھرانا
219,بات پُھوٹْنا
220,بات پھیرنا
221,بات پِھیکی پَڑْنا
222,بات پَھیلانا
223,بات پَھیلْنا
224,بات پھینکْنا
225,بات تاڑْنا
226,بات تَجْوِیز کَرْنا
227,بات تَراشْنا
228,بات تَک نَہ پُوچْھنا
229,بات تَک نَہ کَرْنا
230,بات توڑْنا
231,بات تولْنا
232,بات تو یہ ہے
233,بات تے جُدا ہونا
234,بات تِیر لَگْنا
235,بات تَھل کی نَہ بیڑے کی
236,مُسْتَعِد کَرْنا
237,بات ٹالْنا
238,بات ٹلْنا
239,بات ٹُوٹْنا
240,بات ٹھانْنا
241,بات ٹَھنْڈی پَڑْنا
242,بات ٹََھَنْنا
243,بات ٹَھہرانا
244,بات ٹَھَہرْنا
245,بات ٹھیلْنا
246,بات جا پَڑْنا
247,بات جانا
248,بات جَبْ ہَے
249,بات جَتانا
250,بات جَڑْنا
251,بات جَمانا
252,بات جَمْنا
253,بات جَنانا
254,بات جو چاہے اپْنی پانی مانگ نَہ پی
255,بات جوڑْنا
256,بات جُوں تُوں کی کَرْنا
257,بات جی سے گَڑْھنا
258,بات جی سے گَھڑْنا
259,بات جی کو لَگْنا
260,بات جی میں بَیٹْھنا
261,بات جی میں پِھرْنا
262,بَھرائی
263,بات جی میں ڈالْنا
264,بات جی میں گَڑْنا
265,بات جی میں نَہ رَہْنا
266,بات جُھٹالْنا
267,بات جَھنڈے پَر چَڑھانا
268,بات جُھوٹی پَڑْنا
269,بات چَبا جانا
270,بات چَبا چَبا کَر کَرْنا
271,بات چَبا کَر کَہْنا
272,بات چَبانا
273,بات چِبِلّی ہے
274,بات چِپَک کے رَہ جانا
275,بات چِپَکْنا
276,بات چُٹْکِیوں میں اْڑانا
277,بات چُرا کے کَہْنا
278,بات چَلانا
279,بات چَل پَڑْنا
280,بات چَلْنا
281,بات چَلْنے نَہ دینا
282,بات چَلی جانا
283,بات چَندرا کے کَرنا
284,بات چَندرا کے کَہنا
285,چھوپا مارنا
286,بات چَندرانا
287,بات چِیت
288,بات چِیت کُھٹ ہونا
289,بات چِھڑْنا
290,بات چَھنْنا
291,بات چُھوٹنا
292,بات چھوٹی کرنا
293,رَکْھنا رَہْنا
294,رَکْھنا لَگانا
295,چیند چیندھ ہونا
296,بات چھیڑنا
297,بات چِھیلے رُکْھڑی کاٹْھ چِھیلے چِکنا
298,بات حَلْق سے نِیچے اُترنا
299,بات خالی جانا
300,بات خَتْم ہونا
301,اِسْتِقْرار حَق
302,اُلُّو بَنانا
303,اُلُّو بَنْنا
304,اُلُّو پَن پَنا
305,بات پَکّی کَرْنا
306,اُلُو
307,بات دینا
308,اُلُّوسِیدھا ہونا
309,بات رَکْھنا
310,بات رَکھ لینا
311,اُصُول لینا
312,اِسْتِنْقاع
313,اِسْتِوا کَرْنا
314,اپنی جَمانا
315,اپنی سی
316,پَرَسْت
317,اِسْٹار
318,لانا
319,خانَہ
320,دار داری
321,اِسْتیج کَرْنا
322,اِسْتیج ہونا
323,چُوا پَڑْنا
324,بَنانا
325,کَرْنا
326,ہونا
327,آنا پَٹ
328,آنا ہونا
329,اُسْرا
330,اَچُھوت پَن
331,چھاجا چھا جائِیل چھا جایِل
332,چھاچْھیا چھاچْھیَہ کھار
333,اِسْتِخارَہ آنا
334,اَسْرار کَرْنا
335,اَسْفَل سافِلِین
336,اِسْفَنْجْ کَرْنا
337,اَبْدال
338,اِسْکات
339,اَبْر اُٹْھنا
340,اِسْکِرِپْٹ
341,اَبْر اُمَنڈنا
342,اِسْکَرْٹ
343,اُسْکُرُجہَّ
344,اَبْر ِ آذار
345,اِسکُرُو
346,اَبْر ِ آذاری
347,اِسکُرُو ڈِرائِیوَر
348,اِسْکِرِین
349,اَبْر ِ آذَری
350,اِسْکِرینِنْگ
351,اَچھوں اَچھوں
352,اِسْکْنَدْ
353,اَبْر آنا
354,چَوالیس
355,اَبْر ِ باراں
356,اِسْکَنْدَر
357,اَبْر بَرَسنا
358,اِسْکَنْدَری
359,اَبْر ِ بَہار
360,اِسْکُواڈْرَن
361,اَبْر ِ بَہاراں
362,اِسْکُواش
363,اَبْر ِ بَہاری
364,اِسْکُوائِر
365,اَبْر ِ بَہْمَن
366,اَظْہار
367,اِسْکوپ
368,اَچّھے
369,اِسْکُوْٹُر
370,اِسْکور
371,اَبْر ِ بَہْمَنی
372,اَبْر پَھٹنا
373,اِسْکُوْل
374,اِسْکولَر
375,اَبْر ِ تَر
376,اِسْکُولی
377,اِسْکوِئر
378,اَبْر ِ تُنُک
379,اِسکوائشِ
380,اِسْکیٹِنْگ
381,اَبْر ِ تِیْرَہ
382,اِسْکیچ
383,اَبْر ِ تیْغ
384,اَبْر ِ جوشاں
385,اَظْہاری
386,اَبْر چھانا
387,اِسْکیل
388,اَظْہارِیَہ
389,اَبْر چَھٹنا
390,اَبْر ِ دریا بار
391,اَبْر ِ رَبِیْع
392,اَبْر ِ رَحْمَت
393,اَبْر ِ رَواں
394,اِحْتِرازی
395,اَعادَہ
396,اَعادَہ ءِ مَعْدُوم
397,احْتِراقی
398,اَعادی
399,اِعارَہ
400,اَعاصِر
401,اَعاظِم
402,اَعالی
403,اِعانَت
404,اِعانَت بَمَشْوَرَہ
405,اِعانَہ
406,اَعْبا
407,اِحْتِشامی
408,اِعْتاق
409,اِعْتاق نامَہ
410,اِعْتِبار
411,رَکْھنا کَرْنا
412,اِحْتِیاج مَنْد
413,اِعْتِبار اُٹْھنا
414,اِعْتِبار آنا
415,اِعْتِبار پَکَڑْنا
416,اِعْتِبار پانا
417,اِعْتِبار جانا
418,اِعْتِبار جَمانا
419,اِعْتِبار جَمْنا
420,اِعْتِبار سے گِرْنا
421,اِعْتِبار کھونا
422,اَحْجار
423,اَحَد
424,اَحَد الْمُتَخاصِمَیْن
425,اَحَدی
426,اَنوکھی جُرْوا ساگ میں شُرْوا
427,اَحَدِیَّت
428,اِنْوی ٹیشَن َ
429,اُنْمْ
430,چھانے کا پُھونس
431,چھاؤنی
432,چھاؤنی چھانا
433,چھاؤنی ڈالْنا
434,چھاؤنی کَرْنا
435,اَنی انی
436,اُتّار
437,اِبْن
438,اَنِیت َ انَِیت
439,ابن ِ مَرْیَم
440,ابن ُ مُقَنَّع
441,ابن ِ مُلْجِم
442,اِینٹ کا گَھر مَٹّی کا دَر
443,اِینٹ کا گَھر مَٹّی کا کَرْدینا
444,اِینٹ کی عَیَنک لَگانا
445,اُتارے پِھرنا
446,اِینٹ کی دینی پَتَّھر کی لینی
447,اِینٹ کی لینی پَتَّھر کی دینی
448,اِینٹ کَھر
449,اِینٹ کھویا
450,اَملاک
451,اِینٹ کھینْچْنا
452,اُبْنا
453,اَبْنا
454,اِینٹ گَلانا
455,اِینٹ منْدی کَرْنا
456,اِینْٹا
457,اِینْٹا کھویا
458,اَینْٹْنا
459,اِینْٹوں نال پَکوَڑی
460,اَینْٹی
461,اَینْٹی اِیَر کِرافْٹ
462,اَینْٹی کُوْارِین
463,اِینْٹی چِینْٹی
464,اِینْٹی چِینْٹی چَھپر چھائِیں
465,اَینْٹیِنا
466,اینْٹیں دَبْنا روڑے اُچَھلْنا
467,اَینْٹھ
468,اَینْٹھا
469,آزاری
470,اَینْٹھا سِنْگھ
471,آزَر
472,اینٹھانا
473,آَینْٹھَن
474,اُملی
475,اَملْی
476,اِملْی
477,اَ مَمْ
478,اَیْنٹْھنا
479,اَینْٹھنی
480,اِیْنْچا تانا
481,اِیْنْچا تانا تانی
482,آزُرْدَن دِلِ دوستاں جَہْلَ اسْت وكفّارۂ یَمِین سَہْل
483,اِیْنْچا تانا دابی حَوض
484,اِیْنْچا تانا کھینْچی
485,اینْچ کھینْچ
486,اینْچْنا
487,اینْچَن چھوڑ گَھسیَٹن میں پَڑْنا
488,اینْچَن چھوڑ گَھسیَٹن میں پَھنْسْنا
489,اینچی
490,اِینْدَر
491,اَبُو الْقاسِم
492,آزْما
493,اینْدْری
494,اینْدْرین
495,ایِنْدَھن
496,اِینْدَھور
497,اَینْڈ
498,اَبْر ِ سِپر
499,اَرْضْہ
500,اَبْر ِ سِیَہ
501,اَبْر ِ سِیاہ
502,اَبْر ِ عالَمْگِیر
503,اَبْر ِ غَلِیظ
504,اَبْر ِ قِبْلَہ
505,اُتْپنَ
506,اَبْر ِ کَرَم
507,آگ
508,آگا
509,اَبْر کو دیکھ کر گھڑے پھوڑنا
510,اِعْتِبارات
511,اِعْتِبارات اِربعہ
512,جانا
513,آومی
514,اِعْتِبارَن
515,اَبْر کُہْساری
516,اَبْر ِ کوہْسار
517,اَبْر کُھلنا
518,اَبْر ِ گَنْدَہ بَہار
519,اِعْتِباری
520,اِعْتِباری
521,اِعْتِدا
522,اَعْتِداد
523,اَبْر گَوہَر بار
524,اَلاے بَلاے
525,اَرْضی
526,اَبْر گِھرنا
527,اَتِْحادی
528,اَبْر ِ مُرْدَہ
529,اَلْبان
530,اَبْر ِ مِسی
531,اَبْر ِ مَطِیر
532,اِعْتِدال
533,اِعْتِدال پَر آنا
534,اَبْر ِ نَوبَہاری
535,اَبْر ِ نَو بَہار
536,اِعْتِدال پَسَنْد
537,اِعْتِدال حَرَکَتِ عَین
538,اَبْر ِ نَیْساں
539,اُتَّر جاو کہ دَکَّھن وہی کَرْم کے لَچَّھن
540,اُتَّر جاو کہ دَکَّھن وہی کَرْم کے لَکَّھن
541,پری
542,اِبْر
543,اَبْر
544,اَبَر
545,اَمونیائی
546,اُ مَؐہات
547,اَبْرا
548,اِبْرا
549,اَرضِیات
550,اَرضِیّات
551,اِبْرا
552,اَبْرا
553,اِبْرا نامَہ
554,اُتَّرا پَد
555,اَبْرار
556,اِبْراز
557,اَتْراک
558,اَبْرازات
559,اُبْرا سُبْرا
560,اُبْرا کر رکھنا
561,اَبْرام
562,اِبْرام
563,اِبْرام
564,اَبْرام
565,اُبْرانا
566,اِبْراہِیم
567,اِبْراہِیم اَدْہَم
568,اُون
569,اَلِپْت اَلِپْت
570,اِعْتِدال ِ خَرِیفی
571,اِعْتِدال ِ خَرِیف
572,اِعْتِدال رَبِیعی
573,اِعْتِدال رَبیِع
574,اِعْتِدال لَیل و نَہار
575,اِعْتِدالی
576,اِعْتِدالَین
577,اِعْتِزار
578,اِعْتِراض
579,اِعْتِراض اُٹھالینا
580,اُوں
581,اِعْتِراض اُٹھانا
582,اِعْتِراض اُٹْھنا
583,اِعْتِراض ٹھونکنا
584,اِعْتِراض جَڑْنا
585,اوَن
586,اِعْتِراض جَمانا
587,جھاڑْنا
588,جھاڑْنا نِکالْنا
589,او او
590,اِعْتِراضی
591,او اوا
592,اِعْتِراضِیَہ
593,اِعْتِراضِیَّہ
594,اِعْتِراف
595,اِعْتِراف لانا
596,اِعْتِزاز
597,آرے
598,اُرْیا
599,اَرْیا پَریا
600,اُرْیاں
601,اَرْیا پَریا
602,اُرْیاں
603,اُرْیاں
604,اَرِیب
605,اُریب
606,اُریب
607,اَحْثا
608,اَحْقَر
609,اِبْراہِیمی
610,اَحْکام
611,اِحْکام
612,چَھپَک
613,چَھپَّک چَھیَّا
614,چَوالیْسواں
615,چَواں
616,چُواں
617,چُواں کھائی
618,بَفیا
619,چِوانا
620,بْق
621,چُوانا
622,آگے لَعَّا نَہ پِیچھے پَتّا
623,بَقا
624,اُونٹ کی کوئی کَل سیدھی نہیں
625,اٹھ جانا
626,اٹھ جانا اُٹھ جانا
627,اٹھ جانا باندْھنا
628,اٹھ جانا بر آنا
629,اٹھ جانا
630,بَر لانا
631,اَبِیْری
632,اَبْیَض
633,ال جاؤل بل جاؤں جلوے کے وقت ٹل جاؤں
634,اَبْیَض نُو رانی
635,التزام
636,ارم
637,اَرْما
638,اَبھاگ
639,اِلْتِفاقی
640,اَرضِیاتی
641,اَرْضِیاَتی
642,اُرماد
643,اَرْمال
644,اُبَھر
645,اَلَچْھی
646,اِلْتِیام
647,بالاکَرنا
648,بالاکَرنا
649,بالا مَنانا
650,اِلْتِیام پر آنا
651,بالاکَرنا
652,بالا ہونا
653,بالاکَرنا
654,اِلْحانی
655,بَھرَن
656,اِدَھر
657,اَدَھر
658,اُدَھر
659,اُدَھر اُدھر کا
660,بَھْرنا
661,اُدَھر کی اُدَھر کَرْنا
662,اَرمال
663,اِلْزام دینا
664,اَبُھو
665,اَرمان
666,اَبُھوکْتا
667,اَبُھوکَن
668,اَبھوگ
669,اَبھوگ پَرَن
670,اَبھوگی
671,اَبھول
672,اُدَھر
673,اِدَھر
674,اَدَھر
675,اَبھولا
676,اَبُھوں
677,اُوپری دِل سے
678,اُریب
679,اُریب دار
680,اُریب سُریب
681,اُریْبْواں
682,اُریبی
683,اُرَبری
684,اَن جانْتا
685,اَرِیْکَہ
686,اَن جانْگی
687,ربْنڈی
688,اَینْڈ پڑنا
689,اَینْڈ مال ہے
690,اَینْڈ دیکْھنا
691,اَرْبَوی
692,اَینْڈ کَرْنا
693,اَینڈا
694,اَن جانی
695,اَڑ
696,اُڑ
697,اِڑ
698,اَبھی
699,اَن جَنْتا
700,اَینڈا بیَنْڈا
701,اَینْڈا
702,اَبھی اَبھی
703,اَینْڈا
704,اَبھی پانی کے گَھڑے بَھرنے ہیں
705,اَن چَاہت
706,اَینْڈَل پَنا
707,اَینْڈَل پَن
708,اَبھی تَلَک
709,اَبھی تَک
710,اَن چِتّا
711,اَن چِت
712,اَبھی تو بیٹی باپ ہی کے گھر ہے
713,اَن چِھلا
714,اَبھی تولَہ اَبھی ماشَہ
715,اَبھی چَھٹی کا دُودھ نہیں سُوکھا
716,اَن چِھلی ٹھوک دینا
717,اَبھی دلّی دُور ہے
718,اَبھی دُودھ کے دانت نہیں ٹُوٹے
719,اَن چھیڑ
720,اَڑ بال
721,اَینْڈْنا
722,اینْڈْوا
723,اَبھی دیکھا کیْا ہے
724,اَبھی رو رو کے روٹی مانگتا ہے
725,اینْڈْوی
726,اَڑ بَڑ
727,اینْڈْوی کا کَنگَن
728,اَڑ ـ بَڑنْگ
729,اَینْڈی
730,اَلْسیٹ اَلْسیٹھ باز
731,اَن دیکھا
732,اَڑ بَند
733,اَبھی سے
734,اَلْسیٹْیا اَلْسیٹْھیا
735,اَن دیکھی
736,اَڑ بَنْگا
737,اَینْڈی بَینْڈی
738,اَبھی کَچّا بَرْتَن ہے
739,اَینْڈی بَینْڈی پَڑْنا
740,اَڑ بَنگا
741,اَبھی کَچّے گَھڑے پانی کے بَھرنے ہیں
742,اَن دیوا
743,اِینْڈھی
744,اَبھی کُچھ نہیں بِگڑا ہے
745,اینَک
746,اَن دَھری
747,اَڑ بَیٹْھنا
748,ایِنْگ
749,اوڑْنا
750,اَن سَمَجھ
751,اَبھی کَفَن بھی مَیلا نہیں ہوا
752,اِینْگَر
753,اَڑ
754,اِڑ
755,اُڑ
756,اِینْگْرَوتی
757,اَڑ پَکَڑنا
758,اَن سَمْجھی
759,اَڑ دینا
760,اَڑ ڈَنْڈا
761,اَن سَمْجھے
762,اَڑ ذات
763,اَینْگْلو
764,اَڑ رَہْنا
765,اَینْگْلو اِنْڈیَن
766,اُوڑْنا
767,اَڑ رَھبا
768,اِینْگَور
769,اَڑ ضامِنی
770,اَن سُنی
771,اِینْگْھنا
772,اَڑ کَسْب
773,اَڑ ماپ
774,اِینْگھے
775,اَڑ مان
776,اِینو
777,اوڑَنْ پِچھوّرا
778,اُڑ
779,اَڑ
780,اِڑ
781,اُڑ بھاگْنا
782,اَن سُنی کرنا
783,آَینْوَرْسَری
784,اُوڑَنْتا کَھٹولا
785,اَینی
786,اوڑْنی
787,اَن سوچ
788,اوڑْوالا
789,اَن سِیکھا
790,اُوڑی
791,اَن کَرا
792,اُڑ بَھنْبِھیْری ساون آیا
793,اُڑ پَہْیا
794,اُڑ جاۓ
795,اُڑ چَلْنا
796,اَن کہَا
797,اَفْسوں
798,اَن کَہنی
799,اُڑ کَرْ کے
800,اُڑ کَرْ لَگْنا
801,اَن کَہی
802,اَن کِیا
803,اُڑ کَرْ لینا
804,اَن گَڑْھ
805,اُڑ کَرْ مِلْنا
806,اوڑْھنا
807,اَن گِنا
808,اُڑ کَرْ مُنْھ میں دانَہ نَہ جانا
809,اَن گنِا بَرَس سال
810,اُڑ لَگْنا
811,اَن گِنا مَہِینا
812,اُڑ لَگْنا
813,اُڑ لَگْنی
814,اُڑ ناگَن ناگْنی
815,اَفْسوں گَر
816,اَن گِنَت
817,الْحاکِمِین
818,اَحْمَد
819,اَحْمَدی
820,ارْضِیّت
821,ارْضِیَت
822,اَحْمَر
823,اَفْشار
824,اَحْمَق
825,اَفْشاں
826,اَفْشانی
827,اوت
828,چٹکی
829,اَفْضَلِیَّت
830,اِفْطار
831,اِفْطارْنا
832,اِفْطاری
833,اُڑ اڑ
834,اَڑا
835,اَڑا
836,اَڑا بِھڑا
837,اَفْعال
838,اَری
839,اَری پَری اُڑا دینا
840,اَفْعال ِ اِضْطِراری
841,اَری تُری
842,اَرے او
843,اَرے واہ
844,اَرے ہاں
845,اَرْواح بَھْرنا
846,اَلَف اَلِف لینا
847,اُپار
848,اَن ہونا
849,باچھیں کِھلْنا
850,ان پُورْنا داتا
851,اُن
852,باد ْ خانَہ
853,باد ْ خایَہ
854,باد ْ ْ خورا
855,باد ْ ْ خور
856,باد ْ دار
857,باد ْ دست
858,پارا
859,باد ْ رَفْتار
860,باد ْ رَنگ
861,باد ْ رِیَہ
862,باد ْ ْ زَدَگی
863,بَقْر عید
864,بَقَرَہ
865,بَقَری
866,بَقَرِیَّد
867,بَقْرِیَّہ
868,اِنْتِخاب قُدْرت
869,بُقْعَہ
870,بُقْعَہ ء صَفْراوی
871,بُقْعَہ ءِ ظْاْلمَت
872,بُقْعَہ ءِ عَمْیا
873,بَقْل
874,بَقْل بَطُورا
875,بَقْلاوَہ
876,بَقْلاوی
877,بَقْلَہ
878,بَقْلَہ ُالْحَمْقا
879,بُقُول
880,اَنْتَر
881,اَنْتَر پَٹ
882,اَنْتَر
883,اَنْتَر دھان
884,اَنْتْرا
885,جَھڑ بَندْھنا
886,اَرَت اَرْت کَرْنا
887,اَرْدَلی اُتَرْنا
888,اِبْرَۃ
889,اِرْشاد ہونا
890,اُٹھنا آنا
891,اَرش پَرْش ہونا
892,اُرْدُو بازار
893,اُرْدُو پَن
894,پاو بَند
895,پاو دان
896,پاو دینا
897,بُقُولات
898,بُقُولائی
899,بُقَّہ
900,بَقّیِات
901,بَقْیِہ
902,بَقْیِہ ُالسَّیف
903,بَک
904,بِک
905,بُک
906,بَک بّک
907,بَک جَھک جَھک
908,بک بَک کَرنا
909,بَک بَک لَگانا
910,بَک بَک لَگْْنا
911,بَک بَک مَچانا
912,بَک پَنا
913,بَک جَھک
914,بَک آسَن
915,بَک چال
916,بَک دھْیان
917,بک
918,بَک
919,بِک
920,بُک
921,بًک
922,بُک
923,بِک
924,بَک
925,بُک اسِٹْال
926,بائنڈر
927,بائنڈنگ
928,بُک سیلَر
929,بُک کِیپِنْگ
930,بُک کَرنا
931,بُک کَرانا
932,بُک پوسْٹ
933,بِْکا
934,بُکا
935,بَکّا
936,بًکّا
937,اَرْگَجا دان
938,چَڑھانا
939,اُرْمانا
940,اَرْز بازار
941,اِرْتِفاع دینا
942,اَرْزانی ہونا
943,بد
944,بِد
945,بُد
946,بَد
947,کَرامَت ہے
948,بَد نَفْس
949,بَد نُما
950,بَد نِہاد
951,بَد نِیَّت
952,بَد وَضْع
953,اَرْتلاَ کَرْنا
954,بَد ہَضْمی
955,بَد ہِمَّت
956,بَد ہَیئَت
957,بَد یَقین
958,بَد یُمْن
959,بد سَلا
960,بد سالا
961,بَکار
962,بِکار
963,بَد
964,بِد
965,بُد
966,بَدا بُوتْری
967,بِدانا
968,بِدارْنا
969,بَدای کَندْ
970,بَداعَت
971,بُداغ
972,جُوتھ وار
973,بِداگی
974,بِداگی دینا
975,بَدام
976,بَدامی
977,بَداں
978,بُحے ہوتے الخ
979,بَدانا
980,جوِٹیا
981,بَداوا
982,بُحے ہوتے الخ ہوتے عِید بَقْرِید کے کام آتے
983,بَداوَت
984,بُحے ہوتے الخ ہی
985,بَداہَت
986,بِدْر
987,بَدر
988,بِدْر ساز
989,ایک ایک
990,بَدَرا
991,بَدْرا
992,بَدْرانا
993,ایک ایکا دیگرم
994,بُدُرْ بُدُر
995,بَدرَقا
996,بَدْرَقَہ
997,بَدرَقا بَدْرَقَہ ءِ حِساب
998,بَدْ رَوم جالی
999,بَد رَومی خانَم
1000,بُدَّر کرنا
1001,بَدْرِکا
1002,بَدْرِکا تِیرَتھ
1003,بَدْرَہ
1004,ایک
1005,بَدْری
1006,بَدْری کی ڈاک
1007,جہاں
1008,بَدْری میں چھید کَرنا
1009,بَدْری پَتْرَک
1010,بَدْری شیل
1011,بَدْری ناتھ
1012,بَکارا
1013,بِدْری
1014,بِکارا
1015,بَدَرْیا
1016,بَکارّت
1017,بَکارْنا
1018,بِکاس
1019,بکاسنا
1020,بِکال
1021,بَکام
1022,بکان
1023,بَکانا
1024,بِکانا
1025,بِکانا بِکانی
1026,بِکاو
1027,اَہْل کار
1028,بَکاوَل
1029,بَکاوَل بیگی
1030,بَکاوَلْنی
1031,ایک ذات
1032,بَکاَولی
1033,بَکاوُلی
1034,بَکاپنا
1035,بَکِائن
1036,بِکاؤُ
1037,ہ بُکائِیَّہ
1038,بُکائِیَہ
1039,بَکْبّکا
1040,بَکْبَکانا
1041,بَکْبَکی
1042,بِکْت
1043,ایک رَس
1044,بِکَت
1045,بَکْتَر
1046,بَکْتَر بَنْد
1047,بَکْتَر پوش
1048,بَکْتَر دوز
1049,بَکْتَری
1050,بِکَٹ
1051,بَکَٹ
1052,بَرْگ
1053,بِرَل بِرُل
1054,بَدْرِیَّت
1055,بِدَع
1056,بِدْعات
1057,پری دار
1058,بِدْعَت
1059,بِدْعَت آئِین
1060,بُرْمُوبی
1061,بِدْعَت سَیِّئہَ
1062,بِدْعَت مُباح
1063,بِدْعَت مُسْتَحَب
1064,بِدْعَت ِ واجِب
1065,بَرَن
1066,بِدْعَتی
1067,بِدْعَتِیانَہ
1068,بڑیاں
1069,بِدْعَتِیَّہ
1070,بَدَق
1071,بڑیاں توڑنا
1072,بَدَک بِدَک
1073,بڑیاں
1074,بِدْکانا
1075,بڑیرا
1076,بِدَکْنا
1077,بُدَکْنا
1078,بَدْکی
1079,بَدَل
1080,بَدَل بھار
1081,بِرِنْجی
1082,بَدَل پَذِیر
1083,بَدَل کَر کے
1084,بَدَل گَر
1085,بَدَّل
1086,بَدْلا
1087,بَدْلا اُتارْنا
1088,بَدْلا پھیڑْنا
1089,بَدْلا چُکانا
1090,بَدْلا دینا
1091,بَدْلا کاڑْنا
1092,بَدْلا کَرنا
1093,بَدْلا لینا
1094,بَدْلا لیناں
1095,بَدْلا نِکالنا
1096,بُدَلا
1097,بُدْلا
1098,بَدْلام
1099,پَڑھو تو پَڑھو نَہیں پِنْجْرا خالی کَرو
1100,بَدْلانا
1101,بَدْلاوْنا
1102,بَدْلائی
1103,بَدَلْنا
1104,بَدْلَوَّل
1105,بَدْلَہ
1106,بَدْلی
1107,بَدْلی آُٹْھنا
1108,بَدْلی آنا
1109,بَدْلی چھانا
1110,بَدْلی چَھٹنْا
1111,بَدْلی کی چھانْو
1112,بَدْلی کی دُھوپ
1113,بَدْلی کی دُھوپ جَب نِکْلے جَب تیز
1114,بَدْلی کُھلْنا
1115,بَدْلی گِھرنا
1116,بَدْلی میں دِن نَہ دِیسے پُھوہَڑ بَیٹھی پِیسے
1117,بُدْلی
1118,بُدْلے
1119,بَدَلِیَّت
1120,بَدَلَین
1121,بَدَم
1122,بَدَن
1123,بَدَن اُبَھرنا
1124,بَدَن اُتَرنا
1125,بَدَن اُتُّو کَرنا
1126,بَدَن اَنْدَر سے پھوڑا ہونا
1127,بَدَن بِگَڑنا
1128,بَدَن بَننا
1129,بَدَن پاک کَرنا
1130,بَدَن پالْنا
1131,بَدَن پَر بوٹی چَڑْھنا
1132,بَدَن پَر بوٹی نَہِیں
1133,بَدَن پَر چِنْدیاں لَگْْنا
1134,بَدَن پر کانْٹے آنا
1135,بَدَن پَرنَہِیں لَتّہ پان کھائیں اَلْبَتَّہ
1136,بَدَن پوش
1137,بَدَن پَھْلنا
1138,بَدَن پُھوٹْنا پُھوٹْ نِکَلْنا
1139,بَدَن پھوڑْنا
1140,بَدَن پِھیکا ہونا
1141,بَدَن تانبا ہونا
1142,بَدَن تَخْتَہ ہونا
1143,بَدَن توڑْنا
1144,بَدَن ٹُرٹْنا
1145,بَدَن ٹَھنْڈا ہونا
1146,بَدَن جَلنا
1147,بَدَن جھاڑنا
1148,بَدَن جَھٹَکْنا
1149,بَدَن چُرانا
1150,بَدَن چُور ہونا
1151,بَدَن خُشْک ہونا
1152,بَدَن دِکھانا
1153,بَدَن دُہْرا ہونا
1154,بَدَن ڈالْنا
1155,بَدَن ڈھانْچا ہونا
1156,بَدَن ڈَھْکنا
1157,بَدَن ڈِھیلا کرنا
1158,بَدَن ڈِھیلا ہونا
1159,بَدَن زَرْد ہونا
1160,بَدَن زیب
1161,بَدَن سانچے میں ڈھالْنا
1162,بَدَن سانچے میں ڈَھلْنا
1163,بَدَن سَرْد ہونا
1164,بَدَن سَمیٹنا
1165,بَدَن سِمْٹانا 
1166,بَدَن سَنْسَنانا
1167,بَدَن سُوکْھ کَر کانٹا ہونا
1168,بَدَن قِیمَہ ہونا
1169,بَدَن کو لَگْْنا
1170,بَدَن کے رونگْْٹے کَھڑے ہونا
1171,بَدَن گَدْرانا
1172,بَدَن گُھلْنا
1173,بَدَن لَگ جانا
1174,بَدَن مَلْنا
1175,بَدَن موم ہونا
1176,بَدَن میں آگ بَھرنا
1177,بَدَن میں آگ لَگانا
1178,بَدَن میں آگ لَگْْنا
1179,بَدَن میں پَتَنگے لَگْْنا
1180,بَدَن میں جان آنا
1181,بَدَن میں جان نَہِیں
1182,بَدَن میں حال نہ رَہْنا
1183,بَدَن میں دَم نَہِیں نام زور آوَر
1184,بَدَن میں رَعْشَہ پڑنا
1185,بَدَن میں کھاج پَیدا ہونا
1186,بَدَن میں لُہُو نہ ہونا
1187,بَدَن میں مِرْچیں لَگْْنا
1188,بَدَن نِیلا کَرنا
1189,بَدَن نِیلا ہونا
1190,بَدَن بَرا ہونا
1191,بَدَن
1192,بَدْنا
1193,بِدْنا
1194,بِدْنال
1195,بَدَنَہ
1196,بَدَنی
1197,بَدْنی
1198,بَدَنِیَّہ
1199,بَدْو
1200,بَدُو بَدُّو
1201,اُہو اُہّو میں ہونا
1202,بَدُّو
1203,بَدُّو بُوٹی
1204,بِدْوان
1205,بُدُّوح
1206,بِدُورْنا بِدُوڑنا
1207,بِدوشِک
1208,بَدْون
1209,بُدْوُنْت
1210,بَدَوی بَدْوی
1211,بِدْوِیانَہ
1212,بَدْوِیَت بَدْوِیَّت
1213,بَدْء
1214,بَدی
1215,بَدی بِچارْنا
1216,بَدی پر آنا ہونا
1217,بَدی چیتنا
1218,بَدی کا بَدْلَہ ہاتھوں ہاتھ
1219,بَدی کَرنا
1220,بَدی کھونا
1221,بدی
1222,بدی ہونا
1223,بَدّی
1224,بِدِّیِا
1225,بِدِّیِا دَھر
1226,بِدِّیِا رْتھی
1227,بِدِّیِا کَرنے کی
1228,بِدِّیِا لوہے کے چَنے ہیں 
1229,بِدِّیِا لَے
1230,بِدِّیِا میں بید بے 
1231,بِدِّیِا نِدھان
1232,بِدِّیِا وان
1233,بِدِّیِا وَنْت
1234,بِدِّیِا وہ مال ہے جو خَرْچَت دُگْنا ہو راجا روا چور تَاچِھین نَہ ساکے کو
1235,بَکَٹ پَہاڑا
1236,بِکَٹ
1237,بِکَٹ کَھڑا ہونا
1238,بِکَٹ لَگْنا
1239,بُکَٹ بًکَّٹ
1240,بَکْٹا
1241,بُکْٹا بًکّٹّا
1242,بُکْٹا بًکّٹّا بَھرنا
1243,بُکْٹا بًکّٹّا مارْنا
1244,بَکْٹِیِرْیا
1245,بَکْٹھا
1246,بُکْچا 
1247,بُکْچَہ
1248,بَکْچی
1249,بَکَر
1250,بَکَر کھانا
1251,بَکَرا چَبانا
1252,بَکَر قَصّاب
1253,بَکَر کًود
1254,بَکَر مَنْڈی
1255,بَکْر
1256,بَکَّر
1257,بِکْر
1258,دار
1259,بَکَرا 
1260,بَکْرا
1261,بَکْرا
1262,بَکْرا بَنانا
1263,بَکْرا پِیڑی
1264,بَکْرا مْٹائے تَب لَکْڑی کھائے
1265,بَکَرّات
1266,بِکْرار بِکْرال
1267,بَکْراوتُی
1268,بَکْروُاٹی
1269,بَکْراوتُی کَرْنا
1270,بَکْروُاٹی کَرْنا
1271,بَکْرایِت
1272,بِکْرَم
1273,بْکْرَم
1274,بِکْرَمی
1275,بِکَرْنا
1276,بَکْرَنْڈی
1277,ایک بات
1278,ایک بات میں
1279,بَکْرَوٹا
1280,ایک بار
1281,بَکَرَہ
1282,بکری
1283,بات دَبانا
1284,بات دبْنا
1285,پَٹَک دینا
1286,بات دِل پَر نَقْش ہونا
1287,بات دِل سے جوڑْنا
1288,بات دِل سے گَھڑْنا
1289,بات دِل سے گَڑْھنا
1290,بات دِل کو لَگْنا
1291,بات دُلَکْھنا
1292,ایک دِل
1293,بات دِل میں بَیٹْھنا
1294,بات دِل میں اُتَرْنا
1295,بات دِل میں پَکانا
1296,ایک قَلَم
1297,باتاں میں اُتَرْنا
1298,بات دِل میں پِھرنا
1299,بات دِل میں ٹھانْنا
1300,بات دِل میں ٹَھنْنا
1301,بات دِل میں چُبْھنا
1302,بات دِل میں ڈَالْنا
1303,بات دُور پَہُنچنا
1304,بات دُور دُور ہونا
1305,بات دُور دَراز ہونا 
1306,بات دُور کِھنچْنا
1307,باتُونْیا
1308,بات دُہْرانا
1309,بات دوہراْنا 
1310,بات دیکْھنا
1311,باچھی
1312,ایِکھ باڑی
1313,بات دینی آنا
1314,بات دَھر کے سُنانا
1315,بات دَھْرنا
1316,بات دَھری اُٹھائی نَہیں جاتی
1317,بات ڈالْنا
1318,بات ڈُبونا
1319,بات ڈَھال کے کَہْنا
1320,بات ڈھالْنا
1321,بات ڈَھلْنا
1322,بانی
1323,بات ذِہْن پَر چَڑھنا
1324,جُودی
1325,بات ذِہْن سے اُترنا
1326,بات ذِہْن میں بَیٹْھنا
1327,بَانی
1328,جودھا پَن
1329,بات رَد کرنا
1330,بات رَفْت گُزَشْت ہونا
1331,بانی مبَانی
1332,بانِیا
1333,بانیت
1334,بانَیت
1335,بانْیے کی بان نَہ جلے کتا مُوتے ٹانْگ اُُٹھائے
1336,بات زَبان یا مُنھ سے نِکَلْنا اور پَرائی ہو جانا
1337,بات زَہْر سے بَھری ہونا
1338,بات زَہْر ہونا
1339,بات زَہْر لَگْنا
1340,بات ساتھ لے جانا
1341,بات سُجھانا
1342,بات سَر سَبْز ہونا
1343,بات سَمانا
1344,بات سَمْجھانا
1345,بات سُنانا
1346,بات سُنْنا
1347,بات سُنْنے کا دِماغ
1348,باو
1349,بکری اورشیر کا ایک گھاٹ پانی پینا
1350,باو آنا
1351,بکری جان سے گئی کھانے والے کو مزا نہ ملا۔
1352,بکری جان سے گئی کھانے والے کو مزا نہ آیا 
1353,بات رَہ جاتی ہے وَقْت گُزَر جاتا ہے
1354,بکری سے ہل جتتتا تو بیل کون رکھتا
1355,باو بارا
1356,باو بانْدھْنا
1357,بات رَہْنا
1358,بات رَہ جانا 
1359,باو بَتاس
1360,بات رَہی جانا
1361,بات زَبان پَر آنا
1362,بکری کا سا منھ چلتا ہے
1363,بکری کرے گھاس سے یاری تو چرنے کہاں جائے
1364,بات زَبان پَر لانا
1365,بکری کے سینگوں کو چرگئے بیری کے پات
1366,بَڑَِ نْگ
1367,بات زَبان سے نِکَل جانا
1368,باو بَک
1369,بکری کے نصیبوں چھری ہے
1370,رَم ظاہِر
1371,بات سَنوارنا
1372,بکری نے دودھ دیا وہ بھی میگنی بھرا۔
1373,باو بَندھانا
1374,بات سو بات
1375,بات سُوجْھنا
1376,بات سوچ سَمَجھ کے
1377,باو بَندی
1378,بات سوچْنا 
1379,بکری بٹا
1380,بات سَہْنا
1381,باو بَہنْا
1382,بکری پَتَّر
1383,بکری کھاتا
1384,بات سے بھار ہونا
1385,بات سے باہر ہونا
1386,باو بَھری کھال
1387,بِکْری
1388,باو بَھڑَکنْا
1389,بات سے پِھرنا
1390,بِکْری تَوِلید
1391,بات سے ٹَلْنا
1392,باو بَھک جَھک
1393,بات سے نِکَل جانا
1394,بَکْرے
1395,بات سے ہاتھ اُٹھانا
1396,بَکْرے کی اَوْلاد
1397,باو پَر اُڑ کر آنا
1398,بات شِیر و شَکَر ہونا
1399,بَکْرے کی بولی بولْنا
1400,بات صاف کَرنا
1401,باو پَر آنا
1402,بات ضائِع جانا
1403,بات قَرار پانا
1404,رَم فَن
1405,بَکْرے کی ماں کَب تَک خَیْر مَنائے گی
1406,باو َپَر ہونا
1407,بات کا اور چھور
1408,بات کا آشْنا نَہِیں
1409,رَم قَلَم
1410,بات کا بَتَکّڑ
1411,رَم قُوَّت
1412,باو پَھکنْا
1413,بَکْرِید
1414,چُھوٹنا
1415,بات کا بَتَنگَڑ
1416,بات کا بَتَنگَڑ باندھنا
1417,بَکَس
1418,بات کا بَتَنگَڑ بَناتا ہے
1419,بات کا بَتَنگَڑ بَنا کَھڑا کَرنا
1420,باو ڈَنْڈی پھرنا
1421,باو رَسْنا
1422,رَم کار
1423,بازْگُوں
1424,باو سَڑْنا
1425,بات کا بَتَنْگََڑ بَنْنا
1426,بازِنْدَگی
1427,باو سول
1428,بَکَس بَکْس
1429,بات کا بَتَنگَڑ کَرنا
1430,بازِنْدَہ
1431,باو کا رُخ بَتابنا
1432,بات کا بَتَنگَڑ ہونا
1433,بَکَس بَکْس بند نیلام
1434,باو کا مارا ماری
1435,بَکَس بَکْس والا
1436,بازِنْطِینی
1437,بات کا بھید
1438,بات کا پاس ہونا
1439,باو کے اُوپَر سَواری ہونا
1440,بات کا پَکّا
1441,باو کے گھوڑے پَر اُڑْنا
1442,باو کے گھوڑے پر اُڑنا
1443,بات کا پُورا
1444,بات کا پَہْلُو
1445,باو کے گھوڑے پَر چَڑھنا
1446,بات کا پیش جانا
1447,باو کے گھوڑے پَر سَوار ہونا
1448,بات کا پھانکْنا
1449,بات کا توڑْ لانا
1450,باو کے گھوڑے کی پیٹھ پر لگنا
1451,باو کھانا
1452,باو کھمَبْا کھنَبْا
1453,باو گولا
1454,بات کاٹْنا
1455,باو لینا
1456,باو ماْرنا
1457,بات کا چِکْنانا
1458,باو میں آنا
1459,بات کا چُوکا آدْمی یا ڈال کا چُوکا بَنْدَر پِھر سَنبَھلْتا نَہیں
1460,باو نہ بَتاس تیرا آنْچَل کیونْکَر ڈولا پُوت نہ بھتار تیرا ڈھینڈا کیونکر پُھولا
1461,بات کا چِھینٹا
1462,بْاو
1463,بات کا دَھنی
1464,بات کاڑْنا
1465,باوْ
1466,بات کا راجا
1467,بات کا سچّا
1468,بات کا سَر پَیر
1469,بات کا سَر پانو 
1470,بات کار گَر ہونا
1471,بات کا فَروغ پانا
1472,بات کا کَچّا
1473,بات کا لَپْکا
1474,بات کا لَنگَر اُٹھانا
1475,بات کا مان رَکْھنا
1476,بات کا مایا کھولْنا
1477,بات کان پَڑنا
1478,باوا
1479,بات کان تَک پَہُنچْنا
1480,بات کان سے سُنْنا
1481,بات کان میں پَڑْنا
1482,بازُو
1483,بات کان میں پَڑی رَہْنا
1484,بازُو اُکَھڑْنا
1485,بات کان میں پُھونکْنا
1486,بازُو بازُو
1487,باوا آدم
1488,بات کان میں ڈالْنا
1489,بات کا ہیٹا
1490,باوا آدَم کے وَقْت کی
1491,باوا آدَم کے وَقْت کا
1492,بات کَتَرْنا
1493,بات کَٹْنا
1494,باوا آدَم نَرِالا ہونا
1495,بات کَرتے ہی کاٹ کھانا
1496,بازُو باندْھنا
1497,باوا آوے تالی باجے
1498,بات کَرتے ہی گال کاٹ لینا
1499,بات کُرْسی نَشِین ہونا
1500,بات کَرکے گُنَہْگار ہونا
1501,باوا بھَلا نہ بَھَّیا سَب سے بھلا رُپیَّا
1502,باوا جان جانی
1503,بات کَرنا
1504,بات کَرَن ہارا
1505,بات کَرنے کا سَلِیْقَہ نہ ہونا
1506,باوا جی
1507,بات کَرنے کی گُنَہگاری ہونا
1508,بات کَرنے میں پُھول جَھڑْنا
1509,بات کَڑْوی لَگْنا
1510,باوا فََریَد کا پُڑا
1511,بات کو
1512,بات کو پانا
1513,باوا کا
1514,بات کو پَلُو میں باندْھنا
1515,باوا کا کیا اِجارَہ ہے
1516,بات کو پُورا کَرنا
1517,بات کو پَہُنچْنا
1518,بات کو پی جانا
1519,باوا کَماوے بیٹا اُڑاوے
1520,بات کوتَہ کَرنا
1521,باوا کے مول
1522,بات کو چَکَّر دینا
1523,بات کو دِل میں اُتارنا
1524,باوا مَریں گے تَب ہی بَیل بَٹیں گے
1525,بات کو دینا
1526,باوا باوا
1527,بات کَوڑی کی ہو جانا
1528,بات کو طُول دینا
1529,باواں
1530,بات کو کَھٹائی میں ڈالْنا
1531,باوْبیگار
1532,بات کو ہَلْکا کَرنا
1533,بات کَہہ اُٹْھنا
1534,بات کَہاں سے کَہاں جاپَہُنچْنا
1535,بات کَہْتے
1536,باوتْا
1537,بات کَہْتے میں
1538,باوتْا اُڑانا
1539,باوٹْا
1540,بات کَہْہ کے گُنَہْگار ہونا
1541,باوْٹا
1542,بات کَہْنا
1543,بات کَہ نَہ آنا
1544,بات کَہْنے کو رَہ گَئی
1545,باوَر
1546,بات کَہْنے میں
1547,باوَر آنا
1548,بات کَہَنے میں آنا
1549,بات کَہی اور پَرائی ہوئی
1550,بات کَہے کی لاج
1551,بات کی بات
1552,باوْرا
1553,بات کی بات خُرافات کی خُرافات
1554,بات کی بات کو
1555,بَاوَرْچَن
1556,بات کی بات لات کی لات
1557,بات کی بات میں
1558,بات کی پَچ
1559,بات کی پَرْوَرِش
1560,باوَرْچی
1561,باوَرْچی خانَہ
1562,باوَرْچی گََری
1563,باْوری
1564,باوْری
1565,باوری
1566,باَوْریا
1567,بات کی تاب
1568,باوَک
1569,بات کی تَہ
1570,باَوگ
1571,بات کی تھاہ نَہ مِلْنا
1572,بات کی ٹھیس لَگْنا
1573,باوَل قدیم
1574,بات کی جان
1575,بَکْس
1576,بات کی رَٹْ لَگْنا
1577,بات کی رَٹْ لَگانا
1578,بات کی ریت
1579,بِکَس
1580,بات کی زِڑْ لَگْنا
1581,اَینْٹ اُلَٹْنا
1582,بات کی کَر باندْھنا
1583,بَکْسا
1584,باوْلا
1585,بَکْسا پَن
1586,بات کی گِرَفْت
1587,باوْلا پَن
1588,بات کی لاج
1589,باوْلا بَنانا
1590,بات کے بَتَنگْڑے
1591,بِکْسانا
1592,بَکْساَہٹ
1593,بات کے شاخْسانے
1594,بات کَہْتے
1595,بَکْسام
1596,باوْلا کُتّا
1597,بِکْسِت
1598,بَکْسَرْیا
1599,بَکْسس
1600,بات کیاْ ہے
1601,باوْلا کُتّا ہِرن کَھدیڑے
1602,بات کَھپانا
1603,بات کَھٹائی میں پَڑْنا
1604,بات کَھٹائی میں ڈالْنا
1605,بات َ کَھٹَکْنا
1606,باولی
1607,بات کَھلْنا
1608,بِکَسْنا
1609,باولْی
1610,بَکْسُوا
1611,باولْی بَہُو آگ کو جاوے اُپلْا ڈالے تَوا اُٹھا لاوے
1612,بکسیلا
1613,باولْی کھاٹ کے باولے پائے باولی َرانڈ کے باولے جائے
1614,بات کُھلْنا
1615,بکشیپ
1616,بات کھولْنا
1617,بَکل
1618,بات کھونا
1619,بَکَل بَکْل
1620,باولْی ہانْڈی
1621,بات گانٹھ میں باندْھنا
1622,بَکِل
1623,بات گانٹھ میں باندْھنا
1624,بِکَل
1625,بات گَڑْھنا
1626,بَکَْل
1627,اُتارْنا
1628,اُڑانا
1629,بُکَّل
1630,بُکَّل لَگانا
1631,بُکَّل مارْنا
1632,بَکُلا بََکْلا
1633,بَکْلا
1634,بْکْلانا
1635,بَکْلاوَہ
1636,بَکَلائی
1637,بِکَلْپ
1638,بَکْلس
1639,بَکْم
1640,بْکم
1641,جی ہاں
1642,چَِخَلَّس چَِخَلَّص بازی
1643,بُکْم
1644,تان مارْنا
1645,بات لَگانا
1646,بات لگْنا
1647,بات لَگی نَہ رَکْھنا
1648,بات مات کَرنا
1649,باولی بَتانا
1650,باولی دینا
1651,بال
1652,باوْلے
1653,بات مارنا
1654,باوْلے کُتے نے کاٹا ہے
1655,بات مانْنا
1656,بال بِیَرِنْگ
1657,بال پارْٹی
1658,بات مَغْز سے اُتارنا
1659,باوْلے کو آگ بَتائی اُس نے لے گھر کو لگائی
1660,بال پین
1661,بات مَقْدُور سے باہَر کَرنا
1662,بال رُوم
1663,بات مُکھ پَڑنا
1664,بال کَمْرَہ
1665,باوْلے کو بَتائی گائے سَب جْٹّی لے وا کو دھائے
1666,بات مِلْکانا
1667,بات مَن دَھرْنا
1668,باوْلے گاؤں اُوْنٹ پَر مِیشَر
1669,بات مَنگْوانا
1670,باوْلے ہُو
1671,بات مَن میں بَسْنا
1672,بات مُنھ پَر آنا
1673,بات مُنھ پَر رَکْھنا
1674,بات منھ پَر کَہْنا
1675,باوَن
1676,بکونا
1677,بات مُنھ پَر لانا
1678,بات مُنھ پَڑْنا
1679,باوَن بیِر
1680,بات مُنھ تَک آنا
1681,بات مُنھ سے نِکالْنا
1682,باوَن تو لے پاؤ رتَّی
1683,بات مُنھ سے نِکَل جانا
1684,بالی
1685,باون تو لے پاو ٔ رَتیّ بے میل کُندَن کی بَتّی
1686,بات مُنْھ سے نِکَلْنا
1687,بالا
1688,بات مُنھ سے نِکْلی ہَزار میں پَڑی
1689,بات مُنھ سے نِکْلی پَرائی ہوئی
1690,بات مُنھ سے نَہ نِکالْنا
1691,باوَن گزَاکا
1692,باوَن گزَا
1693,باوَن ہاتھ ہونا
1694,بات گَلے اُتَرنا
1695,بالا بَتانا
1696,بات گَنوانا
1697,بالا بَچَہ
1698,بالا بَچَْہ
1699,باوَن ہَزاری
1700,بات گول کَرنا
1701,بالا بھولا
1702,باوَن
1703,بات گول گول کَرنا
1704,بات گَئی پِھر ہاتھ نَہِیں آتی 
1705,بالا پَن
1706,باوْنا
1707,بات گَئی گُزْری ہونا
1708,بالا پَہنْنا
1709,بالا تَپ
1710,بات گُھٹْمُنٹ ہونا
1711,بالا چاند
1712,بات گَھڑْنا
1713,بالا دے کے بُتّا بتَانا
1714,بات لاکھ کی کَرْنی خاک کی
1715,باوْنی
1716,بالا دینا
1717,باوْنی
1718,بات لانا
1719,بات لَٹْکانا
1720,بات لَڑنا
1721,باوِیس
1722,بات لِکْھ رَکْھنا
1723,بات مُنھ سے نَہ نِکَلْنا
1724,بات مُنھ میں پَڑْنا
1725,باہ
1726,بات میں
1727,بات میں بات
1728,بَاہ
1729,بات میں بات آنا
1730,بات میں بات پَیْدا ہونا
1731,بات میں بات مِلانا
1732,باہ مَرْنا
1733,بات میں بات نِکالْنا
1734,بِدّیاں بَھرْیاں
1735,باہ مَریں بَیل بیَٹھے کھائیں تَرنْگ
1736,بات میں بات نِکَلْنا
1737,بات میں بات ہونا
1738,بات میں بَٹَّا لَگانا
1739,باہا
1740,بات میں بَٹَّا لَگْنا
1741,باہا ڈالنْا
1742,بِدیس
1743,بَدیس
1744,بات میں بَل ہونا
1745,با ھَتَّر
1746,بہتر
1747,بات میں بولْنا
1748,بات میں پَخْ نِکالْنا
1749,باہِج
1750,بات میں پَخْ نِکَلْنا
1751,بِدیسی
1752,بَدیسی 
1753,بات میں پَہْلُو نِکَالْنا
1754,بالے
1755,بات میں پَہْلُو نِکَلْنا
1756,بالے کی ماں اور بُوڑھے کی جوروُ کو خُدا نَہ مارے
1757,بات میں پَہْلُو ہونا
1758,بَدیسی ُ الْاَصْل
1759,بِدیسی ُ الْاَصْل
1760,بات میں پَے نِکالْنا
1761,بات میں پِھرْنا
1762,بات میں چیپْیاں لَگانا
1763,بات میں دَخْل دینا
1764,بالے مِیاں
1765,بات میں دَخْل کَرْنا
1766,بات میں زَہْر بونا
1767,بَدِیْع
1768,بات میں شاخیں نِکالْنا
1769,بالے مِیاں کی چَھڑ
1770,بات میں فَرقْ آنا
1771,بات میں فی نِکالْنا
1772,بات میں فی نِکَلْنا
1773,بات میں قَنْد گھو لْنا
1774,بَدِیْع ُ الْاُسْلُوب
1775,بَدِیْع ُ الْجَمال
1776,بالے مِیاں کی چَھڑْیاں
1777,بَدِیْع ُ الْمِثْل
1778,بَدِیْع ُ الْمِثال
1779,بالے مِیاں کی میدنی
1780,بالا بالا
1781,بَدِیْع کار
1782,بالا بالا جانا
1783,بَدِیعَہ
1784,بَدِیعِیَّہ
1785,بَدے کی بات
1786,بالا بَر
1787,باہَر
1788,بَدِیل
1789,بالا بُلَندْ
1790,بالا بَلَندْ
1791,بِدْیَمان
1792,باہَر آنا
1793,بَدِیْہات
1794,بالا بَنْد
1795,بَدِیہَہ
1796,بَدِیہَۃً
1797,بالِید
1798,باہَر باہَر
1799,بالا بِین
1800,بَدِیہَہ گو
1801,بَدِیہَۃً گو
1802,باہَر بَندُو
1803,باہَر بِھیتَر جانا
1804,بالا بیْوتانا بیْونتانا
1805,باہَر ٘بِھیتَر لَگانا
1806,بالِیدگی
1807,بَدیِہی
1808,باہَر پَڑْنا
1809,بَدِیہی
1810,باہَر پِھْر نے والی
1811,بالِیدَہ
1812,باہَر پھوڑْنا
1813,بالِیش
1814,بَدِیہِیّات
1815,باہَر تِیاگ بھِیترسُھباگ
1816,باہَر جانا
1817,بَدْھ
1818,بالا پوش
1819,بَدْھ بَھوتِک
1820,باہَر دینا
1821,بات میں کَجی ہونا
1822,بالِیں
1823,بَدْھ ڈَنْڈ
1824,باہَر دَھیکلنْا
1825,باہر دھکیلنا
1826,بالا تَر
1827,بات میں کَلام ہونا
1828,بَدْھ سْتھلی
1829,بَدْھ سْتھان 
1830,بَدْھ سْتھل
1831,بات میں کُھڑ پینچ نِکالْنا
1832,باہَر ڈالْنا
1833,بالِیں پَرَسْت
1834,بالا تَنگ
1835,بَدْھ کامْیَہ
1836,بالا جوبَن
1837,بَدْھ کانْکْشی
1838,بات مَیں لگانا
1839,بالا جَھبّے
1840,بَدْھ کرنا
1841,بات میں ہِنْدی کی چِنْدی نِکالْنا
1842,بَدْھ وپاۓ
1843,بات میں ہیٹی ہونا
1844,باہَر سِدھارْنا
1845,بَدْھ وَنْش
1846,بالا چاق
1847,بات نباہَنا
1848,بَدْھ یوگِّیَہ
1849,بات نِکاس
1850,باہَر سے
1851,بالا حِصار
1852,بِدْھ
1853,بام
1854,بالا خانَہ
1855,بات نِکالْنا
1856,بالا خَوِانی
1857,بِدْھ کھانا
1858,باہَر 
1859,بام ِ مَسِیح
1860,بِدْھ مِلانا
1861,بات نِکَلْنا
1862,بالا دَرْجی
1863,بات نَہ آنا
1864,بام نَشِیں
1865,بِدْھ مِلْنا
1866,بات نَہ آنے دینا
1867,بام ِ نَہُم
1868,پَٹّی کُھلْنا
1869,پَٹّی میں آنا
1870,بات نَہ پُوچھنا
1871,بات نَہ رَہْنا
1872,بالا دَسْت
1873,بِدھ
1874,بات نَہ سُنْنا
1875,بات نَہ ہونا
1876,بات نِیچی پَڑْنا
1877,بات نِیچی رَہْنا
1878,پَٹّی وار
1879,بات نِیچی کَرْنا
1880,پَٹّی
1881,بات نِیچے ڈالْنا
1882,بالا دَوی
1883,بات وَر رَہْنا
1884,بات وَزْنی ہونا
1885,بالا رَکْھنا
1886,بات ہاتھ سے جانا
1887,بات ہاتھی پاۓ بات ہاتھی پاؤں
1888,بُدْھ
1889,بالا رَوی
1890,بُدْھ بار
1891,بات ہَضْم کَرْنا
1892,بُدْھ جامی
1893,بام مارْگ
1894,بات ہَلْکی کَرْنا
1895,بُدْھ رَتَن
1896,بُدْھ وار
1897,پَٹے باز
1898,بُدْھ واسَر
1899,بات ہَلْکی ہونا
1900,بالا زُبانِیَہ
1901,بالا زَبانِیہَ
1902,پَٹے بازی
1903,بات ہَنس کے ٹال دینا
1904,پَٹے کے ہاتھ جھاڑْنا
1905,بالا سَر
1906,بُدھ
1907,بالا سَرْدْ شُدَگی
1908,بالا سَیاْلِیَت
1909,بالا قَطْعاتی صَوِتیَہ
1910,بالا قَلْع
1911,بانْسا
1912,بالا کُپّی
1913,بُدھ مَت
1914,بالا کَرْنا
1915,باہَر وار
1916,بالا کَسْری صَوتِیہَ
1917,بانسا
1918,بُدھ پَتی
1919,پَٹّے چُھوٹنا
1920,بالا گَرْم شُدَگی
1921,بُدھ جَن
1922,باہَر والا
1923,بُدھ کُوڑی کرنا
1924,بالا گَرم شُدَہ بھاپ
1925,بُدھ ماری جانا
1926,پَٹّے دار
1927,بالا گَشْتی
1928,بات ہَنسی میں اُڑانا
1929,بُدھ مالی
1930,با طِنِیَّہ
1931,بانسری
1932,بات ہَنسی میں پَڑْنا
1933,بُدھ مان وان
1934,بات ہَنسی میں ڈالْنا
1935,بانٹْیا
1936,بُدھ مانی وانی
1937,بانٹْیا دار
1938,بانْج
1939,بانْجی
1940,بات ہونا
1941,بُدھ ہِین
1942,بانسلی
1943,بانسْری
1944,بُدّھا
1945,بام مارْگی
1946,بانسْلی
1947,بانسْلی قَنْد
1948,باطِیَہ
1949,بِدھاتا 
1950,بانسْنی
1951,بَدھارا
1952,بانْجھ
1953,بِدھارا
1954,بانسوں
1955,بِرُوپ
1956,بانْجھ اچھی اِکانْج بُری
1957,بانْجھ بَنْجُوٹا
1958,باع
1959,بانْجھ بَنْجوٹی
1960,بِدھان
1961,بانسوں اُچَھلْنا
1962,بَدھانا
1963,بانْجھ بَنْجوٹی شَیطان کی لَنْگوٹی
1964,بانسوں اُونچا
1965,بانْجھ بَنْجوٹی کی گَِرہ لَگْنا
1966,بِدھانا
1967,بانْجھ بِیانی سونْٹھ اُڑانی
1968,بانسوں بؐڑْھْنا
1969,باہِر
1970,بانْجھ بِیاوے سونٹْھیا کھانے کو
1971,بانْجھ پَن
1972,بانسوں چَڑْھنا
1973,بِدھانسْنا
1974,بات ہے
1975,بانْجھ کاڑا
1976,باہَرا
1977,بِدھانی
1978,بَدھاو
1979,بالا گودام
1980,بانْجھ کَکوڑا
1981,بانْسَہ
1982,بات یہ اَور ہَے
1983,پَٹّے نِکالْنا
1984,بانْجھ کَکَولی
1985,بانْجھ کْیا جانے پَر سوتی کی پِیڑ
1986,بات ہیٹٰی ہونا
1987,پَٹّے والا
1988,بالا لَب
1989,بانْجھ گانْٹھ لَگْْنا
1990,بَدھاوا
1991,بات ہی کیْا ہَے
1992,باہِر
1993,بِدھاوَٹ
1994,بَدھاوْڑا
1995,بانْچ
1996,باہِرات
1997,بات یہ ہَے
1998,بَدھاوَن 
1999,بَدھاوْنا
2000,بَدھاوی
2001,بالا لَبی قَطْعَہ
2002,بَدھائی
2003,باتاں
2004,باتاں جوڑْنا 
2005,بانسی
2006,باہَرلی
2007,بانچْنا
2008,بانْچْنا
2009,باہَرُو
2010,بالا نَشِین
2011,باتْری
2012,بالا ہونا
2013,بانْچَن ہار
2014,بانْچھ
2015,بالا سابقہ
2016,باتْون
2017,بانْچھا
2018,باتوں
2019,باتوں بات
2020,بانْچِھت
2021,بَدھائی دینا
2022,بالا بَنَفْشَئی شُعاع
2023,بانچْھنا
2024,بَدھائی کرنا
2025,بانچْھیا
2026,باعِثَہ
2027,بانْد
2028,بَدھائی مانگنا
2029,بُدھِت
2030,باتوں باتوں
2031,بُدّھِسْٹ
2032,بَدّھَک
2033,باتوں باتوں میں
2034,بانْدا
2035,بَدّھِک
2036,باتوں باتوں میں بَنْد کَرْنا
2037,باہَری
2038,بانْدَر بَنْدَرْیا کا ناچ
2039,بَدَھن
2040,باتوں باتوں باتوں میں دِن گُزَر جانا
2041,باندْرا
2042,باتوں باتوں میں کَہْنا
2043,باندَر پوری توری کَکْڑی
2044,باتوں بُوڑْھا کَرْتَب خوِار
2045,باہَک
2046,بَدھْنا
2047,بانک
2048,بَدھْنا
2049,باندَرْنی بانْدْری
2050,باہُک
2051,بالا
2052,باندَرْیا
2053,باَہم
2054,باَہم دِگَر
2055,باتوں پَر جانا
2056,بالار
2057,بانْدنا
2058,بَدْھنا
2059,باندُو
2060,بالاش
2061,باتوں چِکْنا کاموں خوِار
2062,باَہم 
2063,باتوں سے پُھول جَھْڑنا
2064,باَہم کَرْنا
2065,بالائِش 
2066,بالایِش
2067,بَدْھنا بورْیا
2068,باتوں سے ڈَر جانا
2069,بانْدی
2070,باَہم ہونا
2071,باتوں سے کام نَہِیں چَلْتا
2072,بَدْھنا بوریا لپٹنا
2073,بانْدی اَوروں کے پاؤں دھووے اَپنْے لیے سووے
2074,بانک اولایا
2075,باہَمَگی
2076,باتوں سے کَلیجَہ پَکْ جانا
2077,بانْدی بَچَّہ
2078,بانک پَٹا
2079,بانْدی جَب شادی کَرْنی ہے تو اَیسی ہی کَرْتی ہَے
2080,بانک پَن
2081,باہْمَن
2082,بِدھْنا
2083,بانک کا توڑ
2084,بانْدی کا بیٹا جَنا
2085,باہْمَنی
2086,بانک کا چَھلّا
2087,بانْدی کو باندی کَہا رودی بی بی کو باندی کَہا ہَنس دی
2088,بانْدی کے آگے باندی آئی لوگوں نے جانا آندھی آئی
2089,بانَک
2090,باتوں کا باغ لَگانا
2091,بَدَھنسْنا
2092,بانْدی کے آگے باندی مینھ دیکھے نَہ آندھی
2093,باتوں کار پَہاڑ
2094,بانَک بِگَڑْنا
2095,باہَمَہ
2096,بانَک بَنانا
2097,بانْدی گَری
2098,بَدھْنی
2099,بانَک بَنْنا
2100,باہَمَہ و بے ہَمَہ
2101,بَدھْنی کی فال
2102,باتوں کا تار
2103,باغ
2104,بالائی
2105,باتوں کا جَمْع خَرْچ
2106,باتوں کا جھاڑ
2107,باندھ
2108,باہَمَہ رَو ، بے ہَمَہ شَو
2109,باندھ بُوندھ
2110,باتوں کا دَفْتَر کھولْنا
2111,بَدْھو
2112,باتوں کا دَھنی
2113,باندھ رَکْھنا
2114,باتوں کا لَچّھا
2115,باہَمی
2116,بُدُّھو
2117,باتوں کو اَلَم نَشْرَح کَرْنا
2118,بالائی اُبھار
2119,بِدھْوا
2120,باتوں کی پُڑْیا
2121,باہَمِیَّت
2122,باتوں کی جَھڑی
2123,بالائی اِنْتِظام
2124,باتوں کی طَرَف کان لَگانا
2125,بالائی اَنْیاب
2126,باتوں کی کَنْسوُئِیاں لینا
2127,باندھ سَکیلا پِھیرے اَکیلا
2128,باتوں کے چِکْنے کامُوں کے خوِار
2129,باہَن
2130,باندھ کے
2131,باتوں کے طوطے اُڑانا
2132,بِدھْوا آشْرَم
2133,بالائی آمْدَنی
2134,بالائی آمَد
2135,باندھ کر رَکْھنا
2136,بانْکا
2137,بَدھْوائِن
2138,باتوں کے طوطے مَینا بَنانا
2139,باندھ کِھیسَہ کھا ہَرِیسَہ
2140,بالائی پَتّا
2141,باندھ لانا
2142,بِدَھونْس
2143,باتوں کے قُرْبان
2144,باندْھ
2145,بَدھی
2146,بانْدھا
2147,بالائی پوری
2148,بالائی پَیدا
2149,بالائی تُراب
2150,بالائی حَدِّاَقَل
2151,باتوں میں
2152,بالائی حَنْجَری عُرُوق
2153,بالائی حَنْجَری عَصْب
2154,بَدھّی
2155,بالائی خَرْچ
2156,بانْکا تِرْچھا
2157,بالائی رَقَم
2158,بَدھّی پَہْنانا
2159,باہْنا
2160,بَدھّی دار چِلْمَن
2161,بانْکا ٹیڑھا
2162,بالائی سادَہ دِیدے
2163,بِرْہَم ڈَنْڈ
2164,بِرْہَم راکْشَس
2165,بَدھّی کا ہاتھ
2166,بانْکا چور
2167,بِرْہَم رُوپ
2168,بالائی سَہْمی جَوف
2169,باہْنی
2170,بانْکا چَھیلا
2171,بُدّھی
2172,بِرْہَم سَماج
2173,بِرْہَم گیْان
2174,بِرْہَم گیانْی
2175,باتوں میں اُڑانا
2176,بِرْہَم گھات
2177,باغ باڑی
2178,بِرْہَم گھاتَک
2179,بالائی صَدْفَہ
2180,بِرْہَم لوک
2181,بِرْہَم وِدِّیا
2182,باہُو
2183,بالائی مَزَہ
2184,بَدْھیا
2185,بِرْہَم ہَتِّیا
2186,بِرْہَم ہَِتّھیارا
2187,بالائی مَنْزِل
2188,بَدْھیا اَٹَکْنا
2189,بِرْہما
2190,بالائی یافْت
2191,باہُوت
2192,بِرْہمانڈ
2193,باغ باغ
2194,بَدْھیا بَیْٹھنا
2195,باہی
2196,بانکْپنَ
2197,باغ بان
2198,بَدْھیا کَرْنا
2199,باتوں میں اُلْجھانا
2200,باندھْنا
2201,بانکْپنَ دِکھانا کَرْنا
2202,باتوں میں اُلَجْھنا
2203,باندھْنا بْوندْھنا
2204,باغ بَہار ہونا
2205,بَدَن سَمیٹنا
2206,بَدَن سِمْٹانا
2207,بَدَن سَنْسَنانا
2208,بَدَن سُوکْھ کَر کانٹا ہونا
2209,بَدَن قِیمَہ ہونا
2210,بَدَن کو لَگْْنا
2211,بَدَن کے رونگٹے کَھڑے ہونا
2212,بَدَن گَدْرانا
2213,بَدَن گُھلْنا
2214,بَدَن لَگ جانا
2215,بَدَن مَلْنا
2216,بَدَن موم ہونا
2217,بَدَن میں آگ بَھرنا
2218,بَدَن میں آگ لَگانا
2219,بَدَن میں آگ لَگْْنا
2220,بَدَن میں پَتَنگے لَگْْنا
2221,بَدَن میں جان آنا
2222,بَدَن میں جان نَہِیں
2223,بَدَن میں حال نہ رَہْنا
2224,بَدَن میں دَم نَہِیں نام زور آوَر
2225,بَدَن میں رَعْشَہ پڑنا
2226,بَدَن میں کھاج پَیدا ہونا
2227,بَدَن میں لُہُو نہ ہونا
2228,بَدَن میں مِرْچیں لَگْْنا
2229,بَدَن نِیلا کَرنا
2230,بَدَن نِیلا ہونا
2231,بَدَن بَرا ہونا
2232,بَدَن
2233,بَدْنا
2234,بِدْنا
2235,بِدْنال
2236,بَدَنَہ
2237,بَدَنی
2238,بَدْنی
2239,بَدَنِیَّہ
2240,بَدْو
2241,بَدُو بَدُّو
2242,اُہو اُہّو میں ہونا
2243,بَدُّو
2244,بَدُّو بُوٹی
2245,بِدْوان
2246,بُدُّوح
2247,بِدُورْنا
2248,بِدُوڑنا
2249,بِدوشِک
2250,بَدْون
2251,بُدْوُنْت
2252,بَدَوی بَدْوی
2253,بِدْوِیانَہ
2254,بَدْوِیَّت
2255,بَدْوِیَت
2256,بَدْء
2257,بَدی
2258,بَدی بِچارْنا
2259,بَدی پر آنا ہونا
2260,بَدی چیتنا
2261,بَدی کا بَدْلَہ ہاتھوں ہاتھ
2262,بَدی کَرنا
2263,بَدی کھونا
2264,بدی
2265,بدی ہونا
2266,بَدّی
2267,بِدِّیِا
2268,بِدِّیِا دَھر
2269,بِدِّیِا رْتھی
2270,بِدِّیِا کَرنے کی
2271,بِدِّیِا لوہے کے چَنے ہیں 
2272,بِدِّیِا لَے
2273,بِدِّیِا میں بید 
2274,بِدِّیِا نِدھان
2275,بِدِّیِا وان
2276,بِدِّیِا وَنْت
2277,بِدِّیِا وہ مال ہے جو خَرْچَت دُگْنا ہو راجا روا چور تَاچِھین نَہ ساکے کو
2278,بَکَٹ پَہاڑا
2279,بِکَٹ
2280,بِکَٹ کَھڑا ہونا
2281,بِکَٹ لَگْنا
2282,بُکَٹ بًکَّٹ
2283,بَکْٹا
2284,بُکْٹا 
2285,بًکّٹّا
2286,بُکْٹا بَھرنا
2287,بًکّٹّا بَھرنا
2288,بُکْٹا مارْنا
2289,بًکّٹّا مارْنا
2290,بَکْٹِیِرْیا
2291,بَکْٹھا
2292,بُکْچا 
2293,بُکْچَہ
2294,بَکْچی
2295,بَکَر
2296,بَکَر چَبانا کھانا
2297,بَکَرا چَبانا کھانا
2298,بَکَر قَصّاب
2299,بَکَر کًود
2300,بَکَر مَنْڈی
2301,بَکْر
2302,بَکَّر
2303,بِکْر
2304,دار
2305,بَکَرا
2306,بَکْرا
2307,بَکْرا
2308,بَکْرا بَنانا
2309,بَکْرا پِیڑی
2310,بَکْرا مْٹائے تَب لَکْڑی کھائے
2311,بَکَرّات
2312,بِکْرار
2313,بِکْرال
2314,بَکْراوتُی
2315,بَکْروُاٹی
2316,بَکْراوتُی کَرْنا
2317,بَکْروُاٹی کَرْنا
2318,بَکْرایِت
2319,بِکْرَم
2320,بْکْرَم
2321,بِکْرَمی
2322,بِکَرْنا
2323,بَکْرَنْڈی
2324,ایک بات
2325,ایک بات میں
2326,بَکْرَوٹا
2327,ایک بار
2328,بَکَرَہ
2329,بکری
2330,بات دَبانا
2331,بات دبْنا
2332,پَٹَک دینا
2333,بات دِل پَر نقْش ہونا
2334,بات دِل سے جوڑْنا
2335,بات دِل سے گَھڑْنا
2336,بات دِل سے گَڑْھنا 
2337,بات دِل کو لَگْنا
2338,بات دُلَکْھنا
2339,ایک دِل
2340,بات دِل میں بَیٹْھنا
2341,بات دِل میں اُتَرْنا
2342,بات دِل میں پَکانا
2343,ایک قَلَم
2344,باتاں میں اُتَرْنا
2345,بات دِل میں پِھرنا
2346,بات دِل میں ٹھانْنا
2347,بات دِل میں ٹَھنْنا
2348,بات دِل میں چُبْھنا
2349,بات دِل میں ڈَالْنا
2350,بات دُور پَہُنچنا
2351,بات دُور ہونا
2352,بات دُور دَراز ہونا
2353,بات دُور کِھنچْنا
2354,باتُونْیا
2355,بات دُہْرانا
2356,بات دوہراْنا 
2357,بات دیکْھنا
2358,باچھی
2359,ایِکھ باڑی
2360,بات دینی آنا
2361,بات دَھر کے سُنانا
2362,بات دَھْرنا
2363,بات دَھری اُٹھائی نَہیں جاتی
2364,بات ڈالْنا
2365,بات ڈُبونا
2366,بات ڈَھال کے کَہْنا
2367,بات ڈھالْنا
2368,بات ڈَھلْنا
2369,بانی
2370,بات ذِہْن پَر چَڑھنا
2371,جُودی
2372,بات ذِہْن سے اُترنا
2373,بات ذِہْن میں بَیٹْھنا
2374,بَانی
2375,جودھا پَن
2376,بات رَد کرنا
2377,بات رَفْت گُزَشْت ہونا
2378,بانی مبَانی
2379,بانِیا
2380,بانیت
2381,بانَیت
2382,بانْیے کی بان نَہ جلے کتا مُوتے ٹانْگ اُُٹھائے
2383,بات زَبان یا مُنھ سے نِکَلْنا اور پَرائی ہو جانا
2384,بات زَہْر سے بَھری ہونا
2385,بات زَہْر ہونا
2386,بات زَہْر لَگْنا 
2387,بات ساتھ لے جانا
2388,بات سُجھانا
2389,بات سَر سَبْز ہونا
2390,بات سَمانا
2391,بات سَمْجھانا
2392,بات سُنانا
2393,بات سُنْنا
2394,بات سُنْنے کا دِماغ
2395,باو
2396,بکری اورشیر کا ایک گھاٹ پانی پینا
2397,باو آنا
2398,بکری جان سے گئی کھانے والے کو مزا نہ آیا ملا۔
2399,بات رَہ جاتی ہے وَقْت گُزَر جاتا ہے
2400,بکری سے ہل جتتتا تو بیل کون رکھتا
2401,باو بارا
2402,باو بانْدھْنا
2403,باترَہْنا
2404,بات رَہ جانا
2405,باو بَتاس
2406,بات رَہی جانا
2407,بات زَبان پَر آنا
2408,بکری کا سا منھ چلتا ہے
2409,بکری کرے گھاس سے یاری تو چرنے کہاں جائے
2410,بات زَبان پَر لانا
2411,بکری کے سینگوں کو چرگئے بیری کے پات
2412,بَڑَِ نْگ
2413,بات زَبان سے نِکَل جانا
2414,باو بَک
2415,بکری کے نصیبوں چھری ہے
2416,رَم ظاہِر
2417,بات سَنوارنا
2418,بکری نے دودھ دیا وہ بھی میگنی بھرا۔
2419,باو بَندھانا
2420,بات سو بات
2421,بات سُوجْھنا
2422,بات سوچ سَمَجھ کے
2423,باو بَندی
2424,بات سوچْنا
2425,بکری بٹا
2426,بات سَہْنا
2427,باو بَہنْا
2428,بکری پَتَّر
2429,بکری کھاتا
2430,بات سے بھار ہونا
2431,بات سے باہر ہونا 
2432,باو بَھری کھال
2433,بِکْری
2434,باو بَھڑَکنْا
2435,بات سے پِھرنا
2436,بِکْری تَوِلید
2437,بات سے ٹَلْنا
2438,باو بَھک جَھک
2439,بات سے نِکَل جانا
2440,بَکْرے
2441,بات سے ہاتھ اُٹھانا
2442,بَکْرے کی اَوْلاد
2443,باو پَر اُڑ کر آنا
2444,بات شِیر و شَکَر ہونا
2445,بَکْرے کی بولی بولْنا
2446,بات صاف کَرنا
2447,باو پَر آنا
2448,بات ضائِع جانا
2449,بات قَرار پانا
2450,رَم فَن
2451,بَکْرے کی ماں کَب تَک خَیْر مَنائے گی
2452,باو َپَر ہونا
2453,بات کا اور چھور
2454,بات کا آشْنا نَہِیں
2455,رَم قَلَم
2456,بات کا بَتَکّڑ
2457,رَم قُوَّت
2458,باو پَھکنْا
2459,بَکْرِید
2460,باو چُھوٹنا
2461,بات کا بَتَنگَڑ
2462,بات کا بَتَنگَڑ باندھنا
2463,بَکَس
2464,بات کا بَتَنگَڑ بَناتا ہے
2465,بات کا بَتَنگَڑ بَنا کَھڑا کَرنا
2466,باو ڈَنْڈی پھرنا
2467,باو رَسْنا
2468,رَم کار
2469,بازْگُوں
2470,باو سَڑْنا
2471,بات کا بَتَنْگََڑ بَنْنا
2472,بازِنْدَگی
2473,باو سول
2474,بَکْس
2475,بَکَس
2476,بات کا بَتَنگَڑ کَرنا
2477,بازِنْدَہ
2478,باو کا رُخ بَتابنا
2479,بات کا بَتَنگَڑ ہونا
2480,بَکَس بند نیلام
2481,بَکْس بند نیلام
2482,باو کا مارا ماری
2483,باو کا مارا
2484,بَکَس والا
2485,بَکْس والا
2486,بازِنْطِینی
2487,بات کا بھید
2488,بات کا پاس ہونا
2489,باو کے اُوپَر سَواری ہونا
2490,بات کا پَکّا
2491,باو کے گھوڑے پَر اُڑْنا
2492,باو کے گھوڑے پر اُڑنا
2493,بات کا پُورا
2494,بات کا پَہْلُو
2495,باو کے گھوڑے پَر چَڑھنا
2496,بات کا پیش جانا
2497,باو کے گھوڑے پَر سَوار ہونا
2498,بات کا پھانکْنا
2499,بات کا توڑْ لانا
2500,باو کے گھوڑے کی پیٹھ پر لگنا
2501,باو کھانا
2502,باو کھنَبْا
2503,باو کھمَبْا 
2504,باو گولا
2505,بات کاٹْنا
2506,باو لینا
2507,باو ماْرنا
2508,بات کا چِکْنانا
2509,باو میں آنا
2510,بات کا چُوکا آدْمی یا ڈال کا چُوکا بَنْدَر پِھر سَنبَھلْتا نَہیں
2511,باو نہ بَتاس تیرا آنْچَل کیونْکَر ڈولا پُوت نہ بھتار تیرا ڈھینڈا کیونکر پُھولا
2512,بات کا چِھینٹا
2513,بْاو
2514,بات کا دَھنی
2515,بات کاڑْنا
2516,باوْ
2517,بات کار راجا
2518,بات کا سچّا
2519,بات کا سَر پَیر
2520,بات کا سَر پاؤں
2521,بات کار گَر ہونا
2522,بات کا فَروغ پانا
2523,بات کا کَچّا
2524,بات کا لَپْکا
2525,بات کا لَنگَر اُٹھانا
2526,بات کا مان رَکْھنا
2527,بات کا مایا کھولْنا
2528,بات کان پَڑنا
2529,باوا
2530,بات کان تَک پَہُنچْنا
2531,بات کان سے سُنْنا
2532,بات کان میں پَڑْنا
2533,بازُو
2534,بات کان میں پَڑی رَہْنا
2535,بازُو اُکَھڑْنا
2536,بات کان میں پُھونکْنا
2537,بازُو بازُو
2538,باوا آدم
2539,بات کان میں ڈالْنا
2540,بات کا ہیٹا
2541,باوا آدَم کے وَقْت کی
2542,باوا آدَم کے وَقْت کا 
